source_folder,source_file,markdown_file,pages,images_extracted,text_chars,flagged_pages,vision_applied,error
Flood Light,100w Flood Light COB datasheet.pdf,100w_Flood_Light_COB_datasheet.md,2,0,893,,False,
Flood Light,200w Flood Light COB datasheet...pdf,200w_Flood_Light_COB_datasheet.md,2,0,893,,False,
Flood Light,3Y - 200w Flood Light COB datasheet.pdf,3Y_-_200w_Flood_Light_COB_datasheet.md,2,0,895,,False,
Flood Light,3Y - 200w Flood Light Meduler  datasheet.pdf,3Y_-_200w_Flood_Light_Meduler_datasheet.md,2,0,927,,False,
Flood Light,3Y - 200w Flood Light Meduler datasheet.pdf,3Y_-_200w_Flood_Light_Meduler_datasheet_2.md,2,0,913,,False,
Flood Light,400w Flood Light COB datasheet.pdf,400w_Flood_Light_COB_datasheet.md,2,0,893,,False,
Flood Light,Flood Light 300w COB datasheet.pdf,Flood_Light_300w_COB_datasheet.md,2,0,933,,False,
Flood Light,SC 100 W Flood Light Datasheet.pdf,SC_100_W_Flood_Light_Datasheet.md,11,0,11460,,False,
Flood Light,SC 1000 W Modular Flood Light Datasheet.pdf,SC_1000_W_Modular_Flood_Light_Datasheet.md,8,0,7874,,False,
Flood Light,SC 150 W Flood Light Datasheet.pdf,SC_150_W_Flood_Light_Datasheet.md,11,0,11450,,False,
Flood Light,SC 1500 W Modular Flood Light Datasheet.pdf,SC_1500_W_Modular_Flood_Light_Datasheet.md,11,0,11467,,False,
Flood Light,SC 200 W Flood Light Datasheet.pdf,SC_200_W_Flood_Light_Datasheet.md,11,0,11460,,False,
Flood Light,SC 250 W Flood Light Datasheet.pdf,SC_250_W_Flood_Light_Datasheet.md,11,0,11450,,False,
Flood Light,SC 300 W Flood Light Datasheet.pdf,SC_300_W_Flood_Light_Datasheet.md,11,0,11451,,False,
Flood Light,SC 310 W Flood Light Datasheet...pdf,SC_310_W_Flood_Light_Datasheet.md,11,0,11465,,False,
Flood Light,SC 350 W Flood Light Datasheet.pdf,SC_350_W_Flood_Light_Datasheet.md,11,0,11451,,False,
Flood Light,SC 400 W Flood Light Datasheet.pdf,SC_400_W_Flood_Light_Datasheet.md,12,0,11471,,False,
Flood Light,SC 450 W Flood Light Datasheet.pdf,SC_450_W_Flood_Light_Datasheet.md,11,0,11461,,False,
Flood Light,SC 500 W Flood Light Datasheet.pdf,SC_500_W_Flood_Light_Datasheet.md,11,0,11462,,False,
Flood Light,SC 800 W Flood Light Datasheet.pdf,SC_800_W_Flood_Light_Datasheet.md,11,0,11440,,False,
